{
  "bracket": "NBA Playoffs 2026",
  "n_matches": 15,
  "n_qubits": 15,
  "shots": 50000,
  "quantum": {
    "OKC": 0.18516,
    "SAS": 0.03456,
    "MIL": 0.05586,
    "LAC": 0.06602,
    "IND": 0.05092,
    "PHI": 0.0203,
    "ATL": 0.03408,
    "NYK": 0.04834,
    "NOP": 0.03142,
    "DAL": 0.0583,
    "DEN": 0.05048,
    "CLE": 0.06896,
    "ORL": 0.0305,
    "MIN": 0.06088,
    "LAL": 0.0211,
    "BOS": 0.18312
  },
  "classical": {
    "ORL": 0.02702,
    "OKC": 0.17726,
    "CLE": 0.05878,
    "MIL": 0.07128,
    "BOS": 0.17248,
    "DEN": 0.1013,
    "MIN": 0.08244,
    "IND": 0.03388,
    "NYK": 0.09588,
    "LAL": 0.02098,
    "LAC": 0.0482,
    "DAL": 0.0399,
    "SAS": 0.01134,
    "NOP": 0.02756,
    "PHI": 0.0219,
    "ATL": 0.0098
  },
  "elo": {
    "BOS": 1740,
    "NYK": 1690,
    "MIL": 1670,
    "CLE": 1655,
    "IND": 1620,
    "ORL": 1605,
    "PHI": 1590,
    "ATL": 1545,
    "OKC": 1745,
    "DEN": 1700,
    "MIN": 1685,
    "LAC": 1650,
    "DAL": 1635,
    "NOP": 1610,
    "LAL": 1600,
    "SAS": 1555
  },
  "actual_champion": "NYK",
  "deep_run_underdog": "SAS",
  "p_sas_reaches_finals_q": 0.05866,
  "p_sas_reaches_finals_c": 0.03432
}