{
  "tournament": "FIFA World Cup 2026",
  "stage": "R16 onward (16 teams, 15 matches)",
  "n_qubits": 15,
  "shots": 50000,
  "quantum": {
    "GER": 0.07538,
    "POR": 0.07192,
    "USA": 0.00966,
    "ECU": 0.0226,
    "ENG": 0.04322,
    "URU": 0.0255,
    "SUI": 0.02802,
    "ARG": 0.3106,
    "BEL": 0.06112,
    "COL": 0.04328,
    "BRA": 0.09258,
    "ESP": 0.05362,
    "AUT": 0.02606,
    "NED": 0.067,
    "CRO": 0.0177,
    "FRA": 0.05174
  },
  "classical": {
    "ARG": 0.24922,
    "COL": 0.02296,
    "BRA": 0.1314,
    "POR": 0.0836,
    "FRA": 0.14628,
    "GER": 0.06044,
    "BEL": 0.03182,
    "ESP": 0.1014,
    "NED": 0.0368,
    "SUI": 0.01492,
    "URU": 0.02566,
    "ENG": 0.05974,
    "ECU": 0.0115,
    "CRO": 0.01402,
    "USA": 0.00636,
    "AUT": 0.00388
  },
  "elo": {
    "ARG": 2105,
    "FRA": 2050,
    "BRA": 2045,
    "ESP": 2025,
    "POR": 2010,
    "GER": 1985,
    "ENG": 1985,
    "NED": 1955,
    "BEL": 1945,
    "URU": 1925,
    "COL": 1920,
    "SUI": 1900,
    "CRO": 1895,
    "ECU": 1880,
    "USA": 1850,
    "AUT": 1820
  },
  "bracket_assumption": "balanced 1v16 pairing",
  "note": "Actual knockout pairings determined by group-stage results (known June 27, 2026). This is an expected-value baseline under the balanced-bracket assumption."
}